name,ward_or_area,source_name,source_url,source_date,list_kind,raw_text,src_lat,src_lon,geocode_query,extent,note
Velachery High Road AGS Colony,"Velachery, South Chennai",The Hindu,https://www.thehindu.com/news/cities/chennai/cyclone-fengal-chennai-south-parts-of-velachery-and-madipakkam-hit-again-tambaram-gh-faces-waterlogging/article68931726.ece,2024-11-30,gcc_chronic_low_lying,Velachery High Road AGS Colony low-lying dip chronic waterlogging,12.9758,80.2209,,point,structure=dip
Pallikaranai Narayanapuram Lake,"Pallikaranai, South Chennai",The Times of India,https://timesofindia.indiatimes.com/city/chennai/velachery-pallikaranai-madipakkam-under-water-for-36-hours-and-counting/articleshow/105767313.cms,2023-12-06,gcc_chronic_low_lying,Pallikaranai Narayanapuram lake breach low-lying basin waterlogging,12.9349,80.2081,,point,structure=dip
Madipakkam Sadasivam Nagar,"Madipakkam, South Chennai",The Hindu,https://www.thehindu.com/news/cities/chennai/cyclone-fengal-chennai-south-parts-of-velachery-and-madipakkam-hit-again-tambaram-gh-faces-waterlogging/article68931726.ece,2024-11-30,gcc_chronic_low_lying,Madipakkam Sadasivam Nagar low-lying streets waterlogging,12.9612,80.1997,,point,structure=dip
Perumbakkam Semmozhi Salai,"Perumbakkam, Sholinganallur Zone",MyOMR,https://myomr.in/local-news/42-crore-stormwater-diversion-project-perumbakkam-flood-free-omr,2025-11-03,gcc_canal_culvert,Perumbakkam Semmozhi Salai low-level bridge culvert bottleneck waterlogging,12.9053,80.1965,,point,structure=culvert
Mudichur Varadarajapuram,"Mudichur, Tambaram",The Hindu,https://www.thehindu.com/news/cities/chennai/poor-desilting-of-lakes-in-mudichur-traffic-congestion-on-gst-road/article67644568.ece,2023-12-17,gcc_chronic_low_lying,Mudichur Varadarajapuram low-lying lake surplus waterlogging,12.9061,80.0719,,point,structure=dip
Chromepet GST Road Vetri Theatre,"Chromepet, Tambaram",The Times of India,https://timesofindia.indiatimes.com/city/chennai/gst-road-in-chromepet-at-risk-of-flooding-again-due-to-clogged-canals/articleshow/114196092.cms,2024-10-14,gcc_canal_culvert,Chromepet GST Road railway track culvert canal flooding,12.9516,80.1462,,point,structure=culvert
Saidapet Aranganathan Subway,"Saidapet, South Chennai",Times Now,https://www.timesnownews.com/chennai/chennai-traffic-advisory-subway-closed-roads-waterlogged-amid-heavy-rains-watch-article-116247947,2024-12-12,gcc_chronic_subway,Saidapet Aranganathan subway railway underpass waterlogging closure,13.0212,80.221,,point,structure=underpass
Rangarajapuram Subway T Nagar,"T Nagar, Central Chennai",The Hindu,https://www.thehindu.com/news/cities/chennai/tn-rains-two-subways-several-roads-closed-off-in-chennai-due-to-inundation/article66085883.ece,2022-11-02,gcc_chronic_subway,Rangarajapuram subway T Nagar railway underpass flooding,13.0404,80.2287,,point,structure=underpass
Nungambakkam Subway,"Nungambakkam, Central Chennai",The Times of India,https://timesofindia.indiatimes.com/city/chennai/subway-turns-nightmare-for-motorists-in-chennai/articleshow/96384422.cms,2022-12-21,gcc_chronic_subway,Nungambakkam subway seepage railway underpass waterlogging,13.0604,80.2403,,point,structure=underpass
Ganesapuram Subway Perambur,"Ganesapuram, North Chennai",The Hindu,https://www.thehindu.com/news/cities/chennai/missing-links-of-drains-a-concern-for-residents-in-many-areas-of-city/article68748775.ece,2024-10-13,gcc_chronic_subway,Ganesapuram subway Perambur railway underpass culvert missing link flooding,13.11,80.242,,point,structure=underpass
Vyasarpadi Subway Basin Bridge,"Vyasarpadi, North Chennai",The Hindu,https://www.thehindu.com/news/cities/chennai/authorities-yet-to-drain-waterlogged-locations-in-north-chennai-say-residents/article67615140.ece,2023-12-07,gcc_chronic_subway,Vyasarpadi Basin Bridge subway railway underpass inundation,13.1158,80.2603,,point,structure=underpass
Pulianthope High Road,"Pulianthope, Thiru Vi Ka Nagar Zone",The Hindu,https://www.thehindu.com/news/cities/chennai/authorities-yet-to-drain-waterlogged-locations-in-north-chennai-say-residents/article67615140.ece,2023-12-07,gcc_chronic_low_lying,Pulianthope High Road Decaster Road low-lying dip waterlogging,13.0989,80.2652,,point,structure=dip
Old Washermanpet,"Washermenpet, North Chennai",The News Minute,https://www.thenewsminute.com/tamil-nadu/why-flood-water-in-chennai-did-not-drain-for-days,2023-12-07,gcc_chronic_low_lying,Old Washermanpet low-lying streets waterlogging,13.114,80.284,,point,structure=dip
Royapuram,"Royapuram, North Chennai",The Indian Express,https://indianexpress.com/article/cities/chennai/cyclone-michaung-floods-waterlogged-residents-9059499/,2023-12-08,gcc_chronic_low_lying,Royapuram low-lying streets waterlogging,13.1158,80.2932,,point,structure=dip
Ennore Minjur Highway,"Ennore, North Chennai",The Times of India,https://timesofindia.indiatimes.com/city/chennai/north-chennai-submerged-aftermath-of-cyclone-michaung/articleshow/105796795.cms,2023-12-07,gcc_canal_culvert,Ennore Minjur highway Kosasthalaiyar bridge overflow flooding,13.2142,80.3205,,point,structure=culvert
Manali MGR Nagar,"Manali, North Chennai",The New Indian Express,https://www.newindianexpress.com/states/tamil-nadu/2024/Oct/15/heavy-rains-lash-chennai-disrupts-public-life-as-northeast-monsoon-sets-in,2024-10-16,gcc_chronic_low_lying,Manali MGR Nagar low-lying streets waterlogging,13.1751,80.2707,,point,structure=dip
Kolathur Senthil Nagar,"Kolathur, North West Chennai",DT Next,https://www.dtnext.in/news/chennai/cyclone-fengal-flooded-kolathur-korattur-frustrates-residents-813243,2024-12-01,gcc_chronic_low_lying,Kolathur Senthil Nagar Thanikachalam canal low-lying dip waterlogging,13.1246,80.2118,,point,structure=dip
Korattur North Avenue,"Korattur, West Chennai",The Hindu,https://www.thehindu.com/news/cities/chennai/korattur-residents-breathe-easier-with-odour-free-sewage-pumping-station-but-flood-woes-remain/article69976476.ece,2025-08-29,gcc_canal_culvert,Korattur North Avenue canal culvert flooding,13.1143,80.1833,,point,structure=culvert
Koyambedu B Road,"Koyambedu, West Chennai",DT Next,https://www.dtnext.in/news/chennai/chennai-rains-dont-park-at-these-stations-chennai-metro-rail-limited-advisory-813176,2024-11-30,gcc_chronic_low_lying,Koyambedu B Road Metro station low-lying waterlogging,13.0694,80.1948,,point,structure=dip
Kathipara Junction,"Guindy, South Chennai",News Today,https://tamilthoguppu.com/2024/10/15/399504/,2024-10-15,gcc_chronic_low_lying,Kathipara junction Guindy low-lying dip waterlogging,13.0067,80.203,,point,structure=dip
