name,ward_or_area,source_name,source_url,source_date,list_kind,raw_text,src_lat,src_lon,geocode_query,extent,note
Subhash Chowk Sohna Road,"Zone 4, Sohna Road","GMDA Flood Control Room, Chronic Waterlogging Locations",https://gmda.gov.in/flood-control-hotspots,2023-06-15,gmda_arterial_junction,Subhash Chowk Sohna Road major junction dip,28.4285,77.0423,,point,structure=dip
Rajiv Chowk Underpass NH48,"Zone 1, NH-48 Corridor","GMDA Flood Control Room, Chronic Waterlogging Locations",https://gmda.gov.in/flood-control-hotspots,2023-06-15,gmda_nh48_underpass,Rajiv Chowk Underpass NH-48 arterial underpass,28.4552,77.0318,,point,structure=underpass
Hero Honda Chowk Underpass NH48,"Zone 2, NH-48 Corridor","GMDA Flood Control Room, Chronic Waterlogging Locations",https://gmda.gov.in/flood-control-hotspots,2023-06-15,gmda_nh48_underpass,Hero Honda Chowk Underpass NH-48 critical underpass,28.4381,77.0094,,point,structure=underpass
IFFCO Chowk Underpass,"Zone 3, MG Road NH48","GMDA Flood Control Room, Chronic Waterlogging Locations",https://gmda.gov.in/flood-control-hotspots,2023-06-15,gmda_nh48_underpass,IFFCO Chowk Underpass MG Road junction,28.4721,77.0725,,point,structure=underpass
Shankar Chowk Cyber City,"Zone 3, Cyber City","GMDA Flood Control Room, Chronic Waterlogging Locations",https://gmda.gov.in/flood-control-hotspots,2023-06-15,gmda_arterial_junction,Shankar Chowk Cyber City arterial junction underpass,28.4984,77.0912,,point,structure=underpass
Genpact Chowk Underpass GCR,"Zone 3, Sector 53 54","GMDA Flood Control Room, Chronic Waterlogging Locations",https://gmda.gov.in/flood-control-hotspots,2023-06-15,gmda_gcr_underpass,Genpact Chowk Underpass Golf Course Road,28.4593,77.0974,,point,structure=underpass
DLF Phase 1 Underpass GCR,"Zone 3, Sector 27 28","GMDA Flood Control Room, Chronic Waterlogging Locations",https://gmda.gov.in/flood-control-hotspots,2023-06-15,gmda_gcr_underpass,DLF Phase 1 Underpass Golf Course Road,28.4746,77.0988,,point,structure=underpass
Bristol Chowk Underpass Sikanderpur,"Zone 3, Sikanderpur","GMDA Flood Control Room, Chronic Waterlogging Locations",https://gmda.gov.in/flood-control-hotspots,2023-06-15,gmda_gcr_underpass,Bristol Chowk Underpass Sikanderpur junction,28.4812,77.0975,,point,structure=underpass
Signature Tower Underpass,"Zone 1, Sector 29 30","GMDA Flood Control Room, Chronic Waterlogging Locations",https://gmda.gov.in/flood-control-hotspots,2023-06-15,gmda_arterial_underpass,Signature Tower Underpass HUDA City link,28.4638,77.0543,,point,structure=underpass
Medanta Underpass CH Bakhtawar Singh Road,"Zone 1, Sector 38","GMDA Flood Control Room, Chronic Waterlogging Locations",https://gmda.gov.in/flood-control-hotspots,2023-06-15,gmda_arterial_underpass,Medanta Underpass Bakhtawar Singh Road arterial link,28.4397,77.0392,,point,structure=underpass
Narsinghpur Express Corridor NH48,"Zone 2, Narsinghpur","GMDA Flood Control Room, Chronic Waterlogging Locations",https://gmda.gov.in/flood-control-hotspots,2023-06-15,gmda_drain_breach,Narsinghpur NH-48 express corridor drain breach dip,28.4143,76.9841,,point,structure=dip
Khandsa Badshahpur Drain Culvert,"Zone 2, Khandsa","GMDA Flood Control Room, Chronic Waterlogging Locations",https://gmda.gov.in/flood-control-hotspots,2023-06-15,gmda_drain_breach,Khandsa Badshahpur drain outfall culvert,28.4231,76.9984,,point,structure=culvert
Basai Road Railway Underbridge RUB,"Zone 2, Sector 9A Basai","GMDA Flood Control Room, Chronic Waterlogging Locations",https://gmda.gov.in/flood-control-hotspots,2023-06-15,gmda_railway_underpass,Basai Road Railway Underbridge RUB,28.4682,76.9921,,point,structure=underpass
Sheetla Mata Road Culvert,"Zone 2, Sector 5","GMDA Flood Control Room, Chronic Waterlogging Locations",https://gmda.gov.in/flood-control-hotspots,2023-06-15,gmda_arterial_junction,Sheetla Mata Road culvert crossing dip,28.4764,77.0215,,point,structure=culvert
Old Delhi Gurugram Road Dundahera,"Zone 3, Dundahera","GMDA Flood Control Room, Chronic Waterlogging Locations",https://gmda.gov.in/flood-control-hotspots,2023-06-15,gmda_arterial_junction,Old Delhi Gurugram Road Dundahera border dip,28.5142,77.0864,,point,structure=dip
Pataudi Road Railway Underbridge,"Zone 2, Sector 10A Pataudi Rd","GMDA Flood Control Room, Chronic Waterlogging Locations",https://gmda.gov.in/flood-control-hotspots,2023-06-15,gmda_railway_underpass,Pataudi Road Railway Underbridge underpass,28.4628,76.9856,,point,structure=underpass
Rampura Flyover Underpass NH48,"Zone 4, Rampura","GMDA Flood Control Room, Chronic Waterlogging Locations",https://gmda.gov.in/flood-control-hotspots,2023-06-15,gmda_nh48_underpass,Rampura Flyover NH-48 underpass,28.3892,76.9423,,point,structure=underpass
Kherki Daula Toll Plaza Approach,"Zone 4, Kherki Daula","GMDA Flood Control Room, Chronic Waterlogging Locations",https://gmda.gov.in/flood-control-hotspots,2023-06-15,gmda_arterial_junction,Kherki Daula Toll Plaza approach arterial dip,28.4012,76.9634,,point,structure=dip
Vatika Chowk SPR Badshahpur,"Zone 4, SPR Badshahpur","GMDA Flood Control Room, Chronic Waterlogging Locations",https://gmda.gov.in/flood-control-hotspots,2023-06-15,gmda_arterial_junction,Vatika Chowk Southern Peripheral Road junction dip,28.4087,77.0372,,point,structure=dip
Sector 29 Leisure Valley Underpass,"Zone 1, Sector 29","GMDA Flood Control Room, Chronic Waterlogging Locations",https://gmda.gov.in/flood-control-hotspots,2023-06-15,gmda_arterial_underpass,Sector 29 Leisure Valley park underpass,28.4687,77.0615,,point,structure=underpass
