name,ward_or_area,source_name,source_url,source_date,list_kind,raw_text,lat,lon,geocode_method,geocode_confidence,needs_review
Milan Subway,"H/West Ward, Santacruz West","BMC Disaster Management Cell, Monsoon Chronic Waterlogging Hotspots List",https://dm.mcgm.gov.in/monsoon-waterlogging-hotspots,2023-05-25,bmc_chronic_subway,Milan Subway Santacruz West underpass waterlogging,19.0833,72.8415,source_latlon,medium,false
Andheri Subway,"K/East Ward, Andheri East","BMC Disaster Management Cell, Monsoon Chronic Waterlogging Hotspots List",https://dm.mcgm.gov.in/monsoon-waterlogging-hotspots,2023-05-25,bmc_chronic_subway,Andheri Subway railway underpass waterlogging,19.1197,72.8464,source_latlon,medium,false
Khar Subway,"H/West Ward, Khar","BMC Disaster Management Cell, Monsoon Chronic Waterlogging Hotspots List",https://dm.mcgm.gov.in/monsoon-waterlogging-hotspots,2023-05-25,bmc_chronic_subway,Khar Subway Western Railway underpass,19.0712,72.8398,source_latlon,medium,false
Malad Subway,"P/North Ward, Malad West","BMC Disaster Management Cell, Monsoon Chronic Waterlogging Hotspots List",https://dm.mcgm.gov.in/monsoon-waterlogging-hotspots,2023-05-25,bmc_chronic_subway,Malad Subway underpass chronic flooding,19.1868,72.8485,source_latlon,medium,false
Dahisar Subway,"R/North Ward, Dahisar","BMC Disaster Management Cell, Monsoon Chronic Waterlogging Hotspots List",https://dm.mcgm.gov.in/monsoon-waterlogging-hotspots,2023-05-25,bmc_chronic_subway,Dahisar Subway northern underpass,19.2562,72.8596,source_latlon,medium,false
Gandhi Market Kings Circle,"F/North Ward, Sion","BMC Disaster Management Cell, Monsoon Chronic Waterlogging Hotspots List",https://dm.mcgm.gov.in/monsoon-waterlogging-hotspots,2023-05-25,bmc_chronic_low_lying,Gandhi Market Kings Circle Sion arterial dip,19.0345,72.8598,source_latlon,medium,false
Hindmata Cinema Dadar,"F/South Ward, Dadar East","BMC Disaster Management Cell, Monsoon Chronic Waterlogging Hotspots List",https://dm.mcgm.gov.in/monsoon-waterlogging-hotspots,2023-05-25,bmc_chronic_low_lying,Hindmata Cinema Dadar low-lying bowl Dr BA Road,19.0118,72.8436,source_latlon,medium,false
Kurla West LBS Marg Mithi River,"L Ward, Kurla West","BMC Disaster Management Cell, Monsoon Chronic Waterlogging Hotspots List",https://dm.mcgm.gov.in/monsoon-waterlogging-hotspots,2023-05-25,bmc_river_backwater,Kurla West LBS Marg Mithi River bridge culvert,19.0682,72.8764,source_latlon,medium,false
Chunabhatti Railway Crossing EEH,"L Ward, Chunabhatti","BMC Disaster Management Cell, Monsoon Chronic Waterlogging Hotspots List",https://dm.mcgm.gov.in/monsoon-waterlogging-hotspots,2023-05-25,bmc_chronic_low_lying,Chunabhatti Eastern Express Highway low bridge,19.0526,72.8732,source_latlon,medium,false
Sion Circle Dr BA Road,"F/North Ward, Sion","BMC Disaster Management Cell, Monsoon Chronic Waterlogging Hotspots List",https://dm.mcgm.gov.in/monsoon-waterlogging-hotspots,2023-05-25,bmc_chronic_low_lying,Sion Circle Dr Ambedkar Road arterial junction dip,19.0392,72.8621,source_latlon,medium,false
BKC Connector Mithi Outfall,"H/East Ward, BKC","BMC Disaster Management Cell, Monsoon Chronic Waterlogging Hotspots List",https://dm.mcgm.gov.in/monsoon-waterlogging-hotspots,2023-05-25,bmc_river_backwater,Bandra Kurla Complex connector culvert near Mithi outfall,19.0628,72.8647,source_latlon,medium,false
Chembur Postal Colony,"M/West Ward, Chembur","BMC Disaster Management Cell, Monsoon Chronic Waterlogging Hotspots List",https://dm.mcgm.gov.in/monsoon-waterlogging-hotspots,2023-05-25,bmc_chronic_low_lying,Chembur Postal Colony residential low-lying basin,19.0573,72.8942,source_latlon,medium,false
Tilak Nagar Railway Culvert,"M/West Ward, Tilak Nagar","BMC Disaster Management Cell, Monsoon Chronic Waterlogging Hotspots List",https://dm.mcgm.gov.in/monsoon-waterlogging-hotspots,2023-05-25,bmc_chronic_subway,Tilak Nagar Harbour railway culvert crossing,19.0664,72.8967,source_latlon,medium,false
Parel TT Circle,"F/South Ward, Parel","BMC Disaster Management Cell, Monsoon Chronic Waterlogging Hotspots List",https://dm.mcgm.gov.in/monsoon-waterlogging-hotspots,2023-05-25,bmc_chronic_low_lying,Parel TT Circle arterial intersection dip,19.0034,72.8423,source_latlon,medium,false
Vidyavihar Railway Underpass,"N Ward, Vidyavihar","BMC Disaster Management Cell, Monsoon Chronic Waterlogging Hotspots List",https://dm.mcgm.gov.in/monsoon-waterlogging-hotspots,2023-05-25,bmc_chronic_subway,Vidyavihar railway station underpass,19.0805,72.8961,source_latlon,medium,false
Mankhurd Railway Underbridge,"M/East Ward, Mankhurd","BMC Disaster Management Cell, Monsoon Chronic Waterlogging Hotspots List",https://dm.mcgm.gov.in/monsoon-waterlogging-hotspots,2023-05-25,bmc_chronic_subway,Mankhurd Harbour Line railway underbridge,19.0521,72.9324,source_latlon,medium,false
Mahalaxmi Dhobi Ghat Culvert,"G/South Ward, Mahalaxmi","BMC Disaster Management Cell, Monsoon Chronic Waterlogging Hotspots List",https://dm.mcgm.gov.in/monsoon-waterlogging-hotspots,2023-05-25,bmc_chronic_low_lying,Mahalaxmi Dhobi Ghat culvert dip,18.9832,72.8251,source_latlon,medium,false
Ghatkopar Pant Nagar SWD Culvert,"N Ward, Ghatkopar East","BMC Disaster Management Cell, Monsoon Chronic Waterlogging Hotspots List",https://dm.mcgm.gov.in/monsoon-waterlogging-hotspots,2023-05-25,bmc_chronic_low_lying,Ghatkopar Pant Nagar storm water drain culvert outfall,19.0838,72.9094,source_latlon,medium,false
Wadala Bridge Underpass,"F/North Ward, Wadala","BMC Disaster Management Cell, Monsoon Chronic Waterlogging Hotspots List",https://dm.mcgm.gov.in/monsoon-waterlogging-hotspots,2023-05-25,bmc_chronic_subway,Wadala Bridge David Sassoon underpass,19.0194,72.8583,source_latlon,medium,false
Kalina Air India Colony Culvert,"H/East Ward, Kalina","BMC Disaster Management Cell, Monsoon Chronic Waterlogging Hotspots List",https://dm.mcgm.gov.in/monsoon-waterlogging-hotspots,2023-05-25,bmc_river_backwater,Kalina Air India Colony Vakola Nala culvert,19.0762,72.8576,source_latlon,medium,false
